M7,H2,CH4,CO,CO2,
alpha,0.05,1e-10,0.5,0.5
eta_ion,0.054181896,0.054181896,0.054181896,0.054181896
,0.003612126,0.00541819,0.007224253,0.010836379
,0.025284885,0.028897011,0.028897011,0.032509138
,0.014448506,0.014448506,0.014448506,0.014448506
eta_e,0.0002,0.0002,0.0002,0.0002
eta_ph,2.5e-07,2.5e-07,2.5e-07,2.5e-07
Cbs,0.0,0.0,0.0,0.0
Qth,1e-15,5e-18,5e-18,5e-18
