Module_EWB_15.5m,H2,CH4,CO,CO2,
alpha,2e-12,2e-12,2e-12,2e-12
eta_ion,0.54,0.54,0.54,0.54
,0.04,0.05,0.07,0.11
,0.25,0.29,0.29,0.33
,0.14,0.14,0.14,0.14
eta_e,0.0018,6.5e-05,0.00045,0.00039
eta_ph,0.00015,4e-06,1.5e-05,2.5e-05
Cbs,0.0,0.0,0.0,0.0
Qth,2.45163e-11,7.15629e-14,1.48197e-13,2.77457e-14
