M11,H2,CH4,CO,CO2,
alpha,2e-12,2e-12,2e-12,2e-12
eta_ion,0.54,0.54,0.54,0.54
,0.04,0.05,0.07,0.11
,0.25,0.29,0.29,0.33
,0.14,0.14,0.14,0.14
eta_e,0.0018,6.5e-05,0.00045,0.00039
eta_ph,0.00015,4e-06,1.5e-05,2.5e-05
Cbs,0.0,0.0,0.0,0.0
Qth,5e-11,1e-14,5e-14,5e-14
