NEG_wrong,H2,CH4,CO,CO2,
alpha,0.005000000001,2e-12,0.005000000001,0.005000000001
eta_ion,0.542818964,0.541818964,0.541818964,0.541818964
,0.036121264,0.055181896,0.072242528,0.108363793
,0.25284885,0.288970114,0.289970114,0.325091378
,0.144485057,0.144485057,0.144485057,0.145485057
eta_e,0.001774173,6.46e-05,0.000452095,0.000387369
eta_ph,0.00015,4e-06,1.5e-05,2.5e-05
Cbs,0.0,0.0,0.0,0.0
Qth,5e-14,3e-17,1e-14,1e-14
