M43,H2,CH4,CO,CO2,
alpha,0.0,0.0,0.0,0.0
eta_ion,0.54,0.54,0.54,0.54
,0.04,0.05,0.07,0.11
,0.25,0.29,0.29,0.33
,0.14,0.14,0.14,0.14
eta_e,0.00177,0.00177,0.00177,0.00177
eta_ph,0.00015,0.00015,0.00015,0.00015
Cbs,0.0,0.0,0.0,0.0
Qth,1e-20,1e-20,1e-20,1e-20
