M44,H2,CH4,CO,CO2,
alpha,0.0,0.0,0.0,0.0
eta_ion,0.54,0.0,0.0,0.0
,0.0,0.54,0.0,0.0
,0.0,0.0,0.54,0.0
,0.0,0.0,0.0,0.54
eta_e,0.00177,0.00177,0.00177,0.00177
eta_ph,0.00015,0.00015,0.00015,0.00015
Cbs,0.0,0.0,0.0,0.0
Qth,1e-12,1e-12,1e-12,1e-12
