M58,H2,CH4,CO,CO2,
alpha,1e-12,1e-12,1e-12,1e-12
eta_ion,0.54,0.54,0.54,0.54
,0.04,0.05,0.07,0.11
,0.25,0.29,0.29,0.33
,0.14,0.14,0.14,0.14
eta_e,0.22,0.012,0.028,0.075
eta_ph,0.00015,4e-06,1.5e-05,2.5e-05
Cbs,2579.051383,71.14624506,818.1818182,1120.55336
Qth,6.66e-07,1.58e-09,9.3e-09,2.14e-09
