M_bench2, H2 , CH4, CO, CO2 
alpha,1e-7,1e-7,1e-7,1e-7
eta_ion,0.541818964,0.541818964,0.541818964,0.541818964
,0.036121264,0.541818964,0.072242528,0.108363793
,0.25284885,0.288970114,0.288970114,0.325091378
,0.144485057,0.144485057,0.144485057,0.144485057
eta_e,0.001774173,6.46E-05,0.000452095,0.000387369
eta_ph,0.00015,0.000004,0.000015,0.000025
Cbs,0,0,0,0
Qth,1e-10,1e-10,1e-10,1e-10
