M54,H2,CH4,CO,CO2
alpha,1.00E-12,1.00E-12,1.00E-12,1.00E-12
eta_ion,0.54,0.54,0.54,0.54
,0.04,0.05,0.07,0.11
,0.25,0.29,0.29,0.33
,0.14,0.14,0.14,0.14
eta_e,0.22,0.012,0.028,0.075
eta_ph,0.00015,4.00E-06,1.50E-05,2.50E-05
Cbs,2579.051383,71.14624506,818.1818182,1120.55336
Qth,1.37E-11,3.25E-14,1.92E-13,4.40E-14
