M6,H2,CH4,CO,CO2,
alpha,1e-07,0.0,1e-07,1e-07
eta_ion,0.541818964,0.541818964,0.541818964,0.541818964
,0.036121264,0.054181896,0.072242528,0.108363793
,0.25284885,0.288970114,0.288970114,0.325091378
,0.144485057,0.144485057,0.144485057,0.144485057
eta_e,0.001774173,6.46e-05,0.000452095,0.000387369
eta_ph,0.00015,4e-06,1.5e-05,2.5e-05
Cbs,0.0,0.0,0.0,0.0
Qth,7.06e-12,3.53e-15,1.76e-14,1.76e-14
