compensator_3.2m,H2,CH4,CO,CO2,
alpha,2e-12,2e-12,2e-12,2e-12
eta_ion,0.054,0.054,0.054,0.054
,0.004,0.005,0.007,0.011
,0.025,0.029,0.029,0.033
,0.014,0.014,0.014,0.014
eta_e,3.3e-05,8.3e-07,1.7e-05,1.7e-05
eta_ph,2.5e-07,2.9e-09,1.2e-08,1.2e-08
Cbs,0.0,0.0,0.0,0.0
Qth,4.22893e-12,2.11447e-15,1.05723e-14,1.05723e-14
